id,world_id,country_code,country,web,visit,purchase,download
54,1,1,United States,5,3,1,20
57,9,1,United States,5,2,0,5
58,9,1,United States,5,3,1,20
59,9,3,Canada,4,2,1,0
64,9,5,New Zealand,5,2,1,0
70,1,3,Canada,4,1,1,6
72,1,1,United States,5,2,1,3
73,1,5,Israel,5,3,0,100
74,9,1,United States,5,1,1,0
85,1,5,Portugal,4,3,0,60
89,9,5,Portugal,5,1,1,30
91,9,5,Portugal,5,2,1,0
95,1,5,Israel,5,2,1,20
96,9,1,United States,4,1,1,2
101,9,1,United States,5,3,1,0
108,9,2,United Kingdom,5,1,0,2
110,9,1,United States,5,3,1,20
118,1,1,United States,5,3,0,0
123,1,1,United States,5,1,1,0
124,9,1,United States,4,2,1,15
126,9,1,United States,4,3,1,3
132,9,1,United States,5,3,1,10
136,9,1,United States,5,3,1,10
138,9,1,United States,3,1,1,1
141,9,1,United States,5,3,1,0
142,1,1,United States,5,3,1,100
146,1,1,United States,3,1,0,0
147,1,1,United States,5,2,1,3
151,9,1,United States,4,0,0,0
154,9,1,United States,4,1,1,25
156,1,1,United States,5,3,1,100
159,9,1,United States,5,3,1,25
162,9,1,United States,5,3,1,50
163,9,1,United States,4,2,1,2
174,9,1,United States,4,2,1,20
178,9,1,United States,5,3,1,100
179,1,5,Pakistan,5,0,1,60
185,9,2,United Kingdom,5,2,1,5
190,9,1,United States,4,3,1,40
193,1,1,United States,5,3,1,50
197,9,1,United States,4,1,0,0
198,9,1,United States,4,3,0,0
199,9,1,United States,3,3,1,0
200,1,3,Canada,4,2,1,400
201,9,3,Canada,5,0,1,50
206,1,1,United States,5,2,0,50
208,1,1,United States,4,3,1,30
210,9,1,United States,4,3,1,0
215,9,1,United States,2,0,1,2
217,1,1,United States,5,3,1,300
226,1,3,Canada,4,3,1,30
227,1,1,United States,4,0,1,3
231,1,1,United States,5,1,0,0
236,9,1,United States,5,3,0,3
242,1,1,United States,5,2,1,25
245,9,3,Canada,4,3,1,15
251,1,1,United States,5,3,1,10
255,1,2,United Kingdom,4,2,1,12
257,1,1,United States,5,3,1,2
260,9,1,United States,4,0,1,30
261,1,1,United States,5,2,1,0
262,1,1,United States,5,0,1,0
263,9,5,Zambia,5,3,0,28
265,1,1,United States,4,3,0,50
268,1,1,United States,5,3,1,50
270,1,1,United States,3,1,0,0
271,9,1,United States,5,3,1,20
273,9,1,United States,4,1,0,2
276,9,2,United Kingdom,5,1,1,3
279,9,1,United States,5,1,0,0
280,9,1,United States,5,0,1,0
281,9,1,United States,5,3,1,25
282,9,5,Switzerland,5,1,1,100
286,1,1,United States,5,3,1,5
295,9,1,United States,5,3,1,0
299,9,1,United States,4,2,0,0
301,1,1,United States,5,0,0,0
303,9,1,United States,4,3,1,0
304,9,1,United States,5,2,1,40
315,1,1,United States,5,2,0,0
318,9,1,United States,5,2,1,5
319,9,2,United Kingdom,4,2,1,0
321,9,1,United States,4,3,1,3
322,9,1,United States,5,1,0,0
324,9,1,United States,4,3,1,10
333,1,1,United States,5,1,1,0
335,9,1,United States,5,0,1,0
340,9,1,United States,5,1,1,0
342,1,1,United States,5,1,1,200
344,1,1,United States,5,3,1,0
358,9,1,United States,4,2,1,5
367,9,1,United States,4,2,1,10
370,1,1,United States,5,2,1,0
371,9,1,United States,5,1,1,10
374,9,1,United States,5,3,0,0
377,1,3,Canada,4,3,1,6
378,9,1,United States,4,2,1,0
381,1,1,United States,4,1,0,10
389,9,1,United States,4,1,1,5
391,1,1,United States,5,3,1,10
393,9,2,United Kingdom,5,2,1,15
394,1,1,United States,5,2,1,12
395,9,1,United States,5,3,0,300
409,9,3,Canada,5,3,1,0
413,9,1,United States,5,3,1,10
414,1,1,United States,4,3,1,2
420,9,1,United States,5,1,1,190
422,9,1,United States,4,1,1,0
425,9,1,United States,5,1,1,20
436,1,1,United States,5,3,1,0
437,9,1,United States,5,1,1,0
442,1,1,United States,5,1,0,0
443,1,1,United States,5,2,1,20
445,9,1,United States,4,1,1,42
446,1,1,United States,5,2,1,20
454,1,1,United States,4,2,1,0
459,9,1,United States,5,0,0,0
462,1,5,Puerto Rico,3,3,1,5
465,9,1,United States,5,3,1,7
467,9,1,United States,5,3,1,1
469,9,1,United States,4,2,0,15
472,1,1,United States,3,1,0,0
474,1,1,United States,5,0,1,0
478,9,1,United States,5,1,1,20
486,9,1,United States,4,1,1,0
491,1,1,United States,5,1,1,0
493,9,2,United Kingdom,4,2,1,12
501,1,1,United States,4,3,1,20
503,1,1,United States,5,0,0,0
504,1,1,United States,4,2,0,50
506,9,1,United States,5,1,1,37
507,1,1,United States,5,2,1,15
508,1,1,United States,5,2,1,15
509,1,4,Brazil,5,3,1,20
511,9,1,United States,5,3,1,20
512,9,1,United States,5,2,1,40
513,1,2,United Kingdom,5,3,1,100
515,1,1,United States,5,3,1,30
522,9,1,United States,5,0,1,0
523,1,1,United States,5,1,1,12
527,9,1,United States,5,3,1,3
529,9,1,United States,5,3,1,0
532,9,1,United States,4,2,0,15
535,9,5,Portugal,4,3,1,5
540,9,1,United States,4,1,1,3
542,1,1,United States,3,2,0,0
544,9,1,United States,4,1,0,45
546,9,1,United States,5,3,1,20
550,1,1,United States,5,1,0,0
555,9,5,Portugal,5,0,0,0
559,1,1,United States,4,2,1,40
560,9,1,United States,5,1,1,2
568,9,1,United States,4,1,1,1
577,1,1,United States,5,1,1,0
578,1,5,Portugal,4,3,0,50
582,9,5,Finland,4,3,0,5
587,1,1,United States,4,2,0,0
588,1,1,United States,4,0,1,64
591,1,1,United States,5,3,1,0
596,9,5,Portugal,5,3,1,150
598,9,1,United States,3,3,1,0
602,9,1,United States,4,1,1,3
604,9,1,United States,5,3,1,0
609,9,5,New Zealand,3,0,0,0
612,9,1,United States,4,1,0,4
613,9,3,Canada,5,3,1,20
617,9,1,United States,5,3,1,0
620,9,1,United States,5,2,1,2
622,9,1,United States,4,0,0,0
623,9,1,United States,5,3,1,0
625,9,1,United States,3,1,0,0
626,9,1,United States,5,2,1,30
628,9,1,United States,4,3,0,0
629,1,1,United States,5,3,1,25
631,9,1,United States,5,3,1,18
632,1,5,Portugal,5,3,1,10
633,9,5,India,4,0,0,15
640,1,1,United States,5,3,1,150
641,9,5,Portugal,2,2,0,0
644,1,1,United States,5,1,1,4
649,9,1,United States,5,3,1,0
650,9,1,United States,4,3,0,0
651,9,1,United States,4,3,1,2
658,9,1,United States,4,1,0,2
659,1,1,United States,5,3,1,3
661,9,3,Canada,5,2,0,30
666,9,1,United States,5,3,1,100
671,9,1,United States,5,3,1,7
681,9,1,United States,5,3,1,20
690,1,3,Canada,4,2,1,10
692,1,1,United States,4,1,0,15
696,9,1,United States,5,3,1,10
697,9,1,United States,5,3,1,0
700,9,1,United States,5,0,1,20
702,1,1,United States,4,2,1,0
704,9,1,United States,5,3,1,10
705,9,1,United States,5,2,1,0
706,1,1,United States,4,2,1,0
707,9,1,United States,3,3,0,0
713,9,1,United States,5,2,1,0
714,9,1,United States,5,0,1,0
729,9,1,United States,4,3,1,6
736,1,1,United States,5,3,1,45
737,9,3,Canada,4,3,1,3
738,9,5,Portugal,4,2,1,0
741,1,1,United States,4,1,1,10
743,9,1,United States,5,3,1,0
746,9,1,United States,5,3,1,100
747,9,5,Jamaica,5,3,1,25
751,1,1,United States,5,2,1,1000
752,9,1,United States,4,2,1,0
753,1,1,United States,5,3,1,500
761,1,1,United States,5,2,1,0
765,9,5,Portugal,4,3,1,25
766,1,1,United States,5,3,1,10
769,1,1,United States,4,1,1,3
770,9,1,United States,5,3,1,20
774,9,1,United States,5,3,1,200
778,9,1,United States,4,1,1,0
786,9,1,United States,5,2,1,0
787,1,5,India,4,3,1,15
788,1,3,Canada,4,1,0,12
791,1,1,United States,4,1,0,0
792,9,1,United States,5,1,0,10
796,9,1,United States,4,3,1,10
799,9,1,United States,4,3,1,0
808,9,1,United States,4,3,1,50
809,9,1,United States,5,3,1,15
815,9,1,United States,4,1,0,2
826,9,1,United States,5,3,1,0
830,9,1,United States,5,2,1,35
831,1,3,Canada,5,1,1,20
833,1,1,United States,3,1,1,0
845,9,3,Canada,4,2,1,0
846,9,1,United States,5,2,1,75
853,9,1,United States,5,2,1,30
857,1,1,United States,5,3,1,15
858,9,1,United States,4,2,1,0
866,9,1,United States,5,0,0,10
868,9,1,United States,5,3,1,0
876,9,1,United States,5,2,1,3
878,9,1,United States,5,2,1,3
881,9,5,Portugal,3,1,0,0
888,9,1,United States,5,1,1,3
889,9,5,Barbados,4,3,0,5
897,9,1,United States,4,3,1,0
900,9,1,United States,5,3,0,50
905,9,1,United States,4,3,0,15
906,9,1,United States,5,2,1,2
909,9,1,United States,5,3,1,150
913,9,1,United States,4,1,1,15
915,9,1,United States,4,1,1,50
918,9,2,United Kingdom,4,1,1,2
919,1,1,United States,4,3,1,15
920,9,1,United States,5,1,1,2
921,9,1,United States,4,1,1,2
923,9,1,United States,5,3,1,0
929,9,1,United States,5,1,0,0
931,9,2,United Kingdom,5,3,1,0
933,9,1,United States,4,1,1,0
936,9,1,United States,5,2,1,50
938,9,1,United States,5,3,1,25
941,9,1,United States,4,2,0,1
952,9,1,United States,2,1,0,0
956,1,2,United Kingdom,4,1,0,15
958,9,1,United States,5,1,1,50
960,9,2,United Kingdom,4,3,1,3
965,1,1,United States,5,2,1,20
966,1,1,United States,5,3,1,0
967,1,5,Argentina,5,1,1,0
972,1,1,United States,5,3,0,80
974,9,5,Bahamas,5,3,1,15
975,9,1,United States,4,3,1,12
985,9,1,United States,5,3,1,0
990,1,1,United States,4,2,1,0
994,9,1,United States,4,2,1,0
1000,1,1,United States,5,2,1,10
1001,9,1,United States,5,2,1,0
1004,9,1,United States,4,1,1,0
1006,1,1,United States,5,1,1,2
1007,9,1,United States,5,3,1,5
1008,9,1,United States,5,3,1,10
1009,1,1,United States,4,1,1,15
1010,9,1,United States,5,2,1,0
1011,9,1,United States,4,1,0,10
1013,9,1,United States,3,1,1,5
1018,1,1,United States,5,1,1,4
1021,9,1,United States,4,3,1,20
1025,9,1,United States,4,0,0,0
1029,1,1,United States,4,3,1,178
1030,9,1,United States,4,0,0,0
1033,9,1,United States,5,1,1,0
1034,1,1,United States,4,1,1,0
1039,9,1,United States,4,3,1,20
1044,9,1,United States,4,2,1,0
1045,9,1,United States,5,3,1,10
1047,1,1,United States,5,3,1,6
1056,9,1,United States,4,3,1,5
1058,9,1,United States,4,2,0,5
1063,1,1,United States,5,3,1,10
1064,9,1,United States,5,2,1,8
1067,9,2,United Kingdom,4,2,1,0
1069,1,1,United States,5,1,1,15
1070,9,1,United States,4,3,0,0
1071,9,1,United States,4,3,1,0
1082,9,1,United States,4,0,1,0
1083,9,1,United States,4,3,1,1
1089,9,1,United States,5,2,1,15
1091,9,1,United States,5,3,1,0
1097,9,1,United States,5,3,1,400
1105,9,1,United States,4,1,0,5
1108,9,1,United States,3,1,0,0
1121,1,1,United States,5,2,1,10
1145,9,1,United States,4,1,0,50
1147,9,1,United States,5,3,1,15
1150,1,5,New Zealand,5,1,1,0
1152,9,1,United States,5,3,1,30
1154,9,1,United States,5,2,1,15
1161,9,1,United States,4,3,1,28
1165,1,2,United Kingdom,5,2,1,50
1166,9,1,United States,5,2,0,5
1167,1,5,Portugal,5,3,1,0
1169,1,2,United Kingdom,4,3,1,50
1170,9,1,United States,3,2,1,0
1171,1,1,United States,5,3,0,0
1172,1,1,United States,5,3,0,0
1174,1,3,Canada,5,3,1,300
1176,9,1,United States,4,3,1,0
1177,1,1,United States,4,3,1,0
1183,9,1,United States,5,2,0,0
1186,1,1,United States,4,1,0,0
1188,9,1,United States,4,3,1,1999
1190,9,1,United States,4,2,1,10
1194,9,1,United States,4,1,1,0
1196,9,1,United States,5,2,1,5
1197,9,1,United States,4,3,1,0
1198,1,1,United States,5,1,1,0
1200,1,1,United States,4,1,1,2
1201,9,1,United States,5,0,1,20
1212,9,1,United States,5,2,1,0
1221,9,1,United States,4,2,1,12
1223,9,3,Canada,5,1,1,0
1225,9,1,United States,5,1,1,0
1226,1,1,United States,5,3,1,30
1227,1,1,United States,4,1,1,100
1235,9,1,United States,4,3,1,0
1236,1,3,Canada,4,1,1,10
1240,9,1,United States,5,1,1,5
1249,9,3,Canada,5,2,1,7
1250,1,1,United States,5,3,1,0
1253,1,1,United States,4,1,1,4
1254,9,1,United States,5,3,1,0
1255,1,1,United States,4,3,1,100
1256,9,5,Hongkong S.A.R,4,3,1,100
1259,9,1,United States,4,1,1,5
1261,9,1,United States,4,1,1,0
1262,9,1,United States,5,1,0,0
1263,9,1,United States,5,3,1,20
1264,1,5,Italy,4,3,1,15
1268,1,2,United Kingdom,3,0,0,0
1269,9,1,United States,4,0,1,0
1270,9,1,United States,4,2,1,15
1271,9,1,United States,5,3,1,30
1277,9,1,United States,5,3,1,0
1285,9,1,United States,5,2,0,0
1287,9,2,United Kingdom,5,3,1,10
1289,9,1,United States,4,1,1,0
1293,9,1,United States,5,3,1,20
1296,1,5,Germany,5,1,1,2
1298,9,3,Canada,4,3,0,25
1301,9,1,United States,5,3,1,3
1302,9,1,United States,5,0,1,10
1304,9,1,United States,5,1,0,0
1310,9,1,United States,4,3,1,0
1314,1,1,United States,5,3,1,5
1316,9,1,United States,5,1,0,4
1317,1,5,France,5,3,1,200
1333,1,1,United States,5,2,0,0
1334,9,1,United States,3,1,1,0
1337,9,5,Portugal,3,1,0,0
1338,1,1,United States,5,3,1,20
1340,9,1,United States,5,0,1,5
1344,9,1,United States,4,0,1,35
1345,1,1,United States,5,2,0,2
1349,9,1,United States,4,1,1,0
1352,9,1,United States,4,3,1,0
1354,9,1,United States,5,3,1,20
1359,9,1,United States,5,3,1,0
1361,9,1,United States,5,1,1,100
1364,1,1,United States,4,3,1,0
1370,1,1,United States,3,3,0,15
1375,1,1,United States,5,1,1,0
1377,9,1,United States,4,3,1,0
1380,1,1,United States,5,1,1,10
1384,9,1,United States,4,3,1,4
1385,9,1,United States,5,2,1,16
1391,1,5,Ireland,5,3,1,30
1393,9,1,United States,5,2,1,0
1396,9,5,Portugal,4,1,0,1
1397,1,1,United States,3,3,1,0
1398,9,1,United States,5,1,0,100
1399,1,1,United States,4,3,1,10
1401,9,1,United States,5,2,1,5
1402,1,1,United States,4,0,0,0
1404,1,1,United States,5,3,0,0
1407,9,1,United States,4,2,1,0
1409,1,1,United States,5,2,1,0
1414,9,1,United States,4,1,1,0
1415,9,2,United Kingdom,5,0,0,20
1418,1,2,United Kingdom,4,1,0,2
1419,1,3,Canada,4,1,0,3
1424,1,1,United States,5,3,1,0
1425,9,1,United States,5,2,1,0
1430,1,1,United States,5,1,0,0
1431,9,3,Canada,4,1,1,1000
1434,9,3,Canada,4,2,0,29
1435,9,5,Aruba,5,1,0,0
1436,1,3,Canada,5,2,1,20
1439,9,1,United States,4,3,1,50
1441,9,1,United States,5,1,1,0
1442,9,3,Canada,2,0,0,0
1443,9,2,United Kingdom,4,2,1,0
1449,1,3,Canada,4,2,1,5
1457,1,1,United States,5,2,0,1
1462,1,1,United States,5,3,1,3
1465,9,1,United States,4,3,1,30
1469,1,1,United States,5,0,1,0
1471,9,1,United States,4,2,0,2
1493,9,1,United States,4,1,1,20
1495,9,1,United States,5,2,0,10
1500,9,1,United States,5,3,1,10
1501,1,1,United States,5,3,1,100
1513,1,2,United Kingdom,4,3,1,50
1514,9,1,United States,5,3,1,5
1515,9,1,United States,5,2,1,11
1516,1,1,United States,5,0,1,15
1518,9,5,India,4,2,0,0
1521,1,2,United Kingdom,4,2,0,0
1526,9,1,United States,5,2,1,15
1528,9,1,United States,5,1,1,5
1530,9,1,United States,4,3,1,10
1535,9,1,United States,4,1,1,0
1536,9,1,United States,4,0,1,0
1540,9,1,United States,4,1,0,12
1547,9,1,United States,5,3,1,0
1552,1,1,United States,4,2,1,30
1556,9,1,United States,4,2,1,3
1557,1,1,United States,5,3,1,8
1558,9,1,United States,5,0,1,0
1559,9,1,United States,4,3,1,100
1561,1,1,United States,4,2,1,10
1565,9,1,United States,5,1,1,0
1567,1,1,United States,4,3,1,20
1570,9,1,United States,5,3,1,0
1578,9,1,United States,5,3,1,30
1579,9,1,United States,5,3,1,48
1580,9,1,United States,4,1,0,0
1588,9,3,Canada,5,1,1,90
1591,9,1,United States,5,3,1,2
1595,9,1,United States,3,1,1,25
1597,9,1,United States,4,3,0,0
1599,9,3,Canada,2,0,0,2
1604,9,1,United States,5,2,0,25
1606,9,1,United States,5,1,0,3
1618,1,1,United States,5,3,0,10
1619,9,1,United States,5,1,1,0
1624,9,1,United States,5,2,1,5
1629,9,1,United States,3,1,0,0
1630,1,5,Bangladesh,5,3,0,500
1636,9,1,United States,5,3,1,38
1644,9,3,Canada,5,3,1,15
1645,9,1,United States,5,3,1,0
1647,1,1,United States,5,1,1,10
1654,9,5,Saudi Arabia,5,0,0,0
1656,1,1,United States,5,2,1,10
1657,9,1,United States,5,3,1,49
1661,9,5,New Zealand,5,0,0,0
1662,9,1,United States,4,0,0,0
1664,9,1,United States,5,2,0,0
1665,1,5,New Zealand,5,0,0,0
1668,9,1,United States,5,1,1,20
1672,9,1,United States,4,0,0,0
1675,9,1,United States,4,3,1,20
1680,9,1,United States,5,1,0,0
1683,9,1,United States,5,3,0,0
1686,1,1,United States,4,1,0,0
1691,1,1,United States,5,1,0,0
1693,9,3,Canada,5,0,0,0
1696,9,1,United States,4,1,0,0
1699,9,1,United States,4,2,1,0
1701,9,2,United Kingdom,5,3,1,45
1702,1,3,Canada,4,1,0,5
1714,1,1,United States,4,2,0,17
1721,9,1,United States,5,3,1,200
1725,9,1,United States,4,3,1,30
1727,1,1,United States,5,2,0,15
1732,1,1,United States,5,1,1,20
1742,9,1,United States,5,2,1,10
1743,1,1,United States,5,3,1,50
1748,9,3,Canada,5,3,1,100
1749,1,2,United Kingdom,4,3,1,5
1752,9,3,Canada,5,2,0,0
1753,1,1,United States,4,3,1,0
1754,9,1,United States,3,2,1,10
1755,1,5,Portugal,5,0,0,0
1758,9,5,Portugal,4,1,1,5
1764,9,5,Portugal,3,2,1,14
1768,9,5,Portugal,5,2,1,150
1772,1,5,Portugal,4,3,1,3
1783,9,5,Portugal,5,2,1,8
1788,9,5,Portugal,4,3,1,0
1791,1,5,Portugal,3,1,0,3
1792,9,5,Portugal,4,2,1,10
1801,1,5,Portugal,5,3,1,5
1802,9,5,Portugal,4,3,0,1
1803,9,5,Portugal,3,1,0,15
1807,9,5,Portugal,5,1,0,50
1808,1,5,Portugal,5,3,1,50
1811,1,5,Portugal,4,2,1,20
1812,1,5,Portugal,5,2,1,50
1820,1,5,Portugal,3,1,0,20
1829,1,5,Portugal,4,1,0,0
1831,9,5,Portugal,3,1,0,1
1839,9,5,Portugal,5,1,1,50
1840,9,5,Portugal,4,1,1,20
1843,1,5,Pakistan,4,1,1,0
1844,9,1,United States,4,3,1,50
1846,9,1,United States,5,1,1,5
1850,9,1,United States,5,1,1,0
1856,9,5,Portugal,3,2,0,3
1859,9,5,Portugal,4,1,0,0
1863,9,5,Portugal,4,3,1,250
1865,9,5,Portugal,4,1,0,5
1867,9,5,Portugal,5,1,0,0
1869,1,5,Portugal,5,3,1,0
1874,9,5,Portugal,3,0,0,15
1875,9,5,Portugal,4,1,0,0
1876,9,5,Portugal,3,3,1,125
1881,9,5,Portugal,4,1,0,3
1888,1,5,Portugal,4,1,1,0
1897,1,1,United States,5,3,1,50
1899,1,1,United States,5,1,0,0
1901,9,1,United States,5,3,1,3000
1906,1,5,Portugal,4,2,1,5
1908,9,5,Portugal,5,0,0,0
1909,1,5,Portugal,4,1,0,0
1910,9,5,Portugal,5,2,1,2
1913,1,1,United States,5,3,1,0
1916,9,1,United States,5,2,1,10
1917,9,1,United States,4,3,1,200
1921,9,5,Portugal,4,0,1,2
1923,9,5,Portugal,3,3,1,10
1924,1,5,Portugal,4,3,1,25
1946,9,3,Canada,3,0,0,0
1948,9,1,United States,5,3,1,9
1954,9,1,United States,3,2,1,0
1956,9,1,United States,5,3,0,2
1958,9,1,United States,4,2,0,6
1960,1,1,United States,4,3,1,10
1968,9,5,Portugal,5,3,0,10
1970,9,1,United States,4,1,0,3
1971,9,3,Canada,5,3,1,110
1973,1,1,United States,5,3,1,0
1975,9,1,United States,4,3,1,0
1977,1,5,Malaysia,5,1,0,20
1981,9,5,Portugal,4,3,0,8
1982,9,1,United States,5,2,1,100
1987,9,5,Portugal,5,3,0,1500
1990,9,1,United States,5,2,1,5
1997,9,1,United States,4,3,1,0
2003,9,1,United States,5,3,1,250
2005,9,1,United States,4,1,1,5
2010,9,1,United States,5,2,1,300
2013,9,1,United States,5,2,0,25
2017,9,5,Portugal,4,1,0,20
2019,9,1,United States,5,2,1,10
2020,9,1,United States,4,1,0,0
2022,9,5,Germany,4,3,1,40
2030,9,5,Italy,5,3,1,20
2033,9,3,Canada,4,3,1,10
2034,1,1,United States,4,3,1,50
2038,9,1,United States,3,0,0,0
2044,9,5,Portugal,2,2,1,5
2045,9,5,Portugal,3,3,0,20
2047,9,1,United States,3,1,1,30
2055,9,1,United States,5,1,0,10
2058,1,1,United States,5,3,0,90000
2060,9,3,Canada,5,3,0,5
2061,1,1,United States,4,2,1,0
2062,1,1,United States,5,3,1,2
2063,9,1,United States,5,1,0,0
2066,9,1,United States,5,1,0,0
2068,1,1,United States,4,2,1,18
2069,1,1,United States,5,3,1,15
2073,9,3,Canada,5,3,1,13
2074,9,1,United States,5,1,1,0
2075,9,1,United States,5,3,1,0
2077,9,1,United States,5,3,1,15
2079,9,1,United States,4,0,1,3
2081,9,1,United States,3,2,1,200
2085,9,1,United States,5,3,1,20
2088,9,5,Australia,4,1,1,2
2089,1,1,United States,5,3,1,25
2090,9,1,United States,5,1,1,35
2092,9,2,United Kingdom,3,2,1,10
2093,9,5,Hongkong S.A.R,3,1,0,10
2094,1,1,United States,5,2,1,50
2097,9,3,Canada,5,3,1,60
2098,9,1,United States,5,2,1,0
2101,9,1,United States,5,1,0,10
2102,9,1,United States,5,3,1,10
2105,9,1,United States,4,2,1,3
2107,1,1,United States,5,0,1,0
2110,9,1,United States,5,3,1,54
2113,9,1,United States,4,0,0,0
2114,1,1,United States,4,3,1,17
2116,9,1,United States,5,1,1,15
2118,9,1,United States,4,3,1,2
2119,1,1,United States,5,3,1,2
2122,1,3,Canada,5,1,1,23
2124,9,1,United States,5,1,0,0
2131,9,1,United States,3,0,0,5
2133,1,1,United States,4,2,1,0
2134,9,1,United States,4,0,0,0
2135,9,1,United States,5,2,1,0
2139,9,1,United States,5,3,1,0
2146,9,2,United Kingdom,5,2,0,5
2149,9,1,United States,4,2,1,8
2150,1,1,United States,5,1,1,0
2151,1,1,United States,5,3,1,0
2152,9,2,United Kingdom,5,1,1,0
2154,9,1,United States,5,3,1,10
2159,9,1,United States,4,1,0,0
2161,9,1,United States,5,3,1,0
2167,1,1,United States,4,2,1,5
2177,9,1,United States,5,3,0,40
2179,1,3,Canada,4,2,1,5
2181,9,1,United States,5,1,1,0
2185,9,1,United States,5,1,0,0
2190,1,1,United States,5,3,1,1
2191,9,1,United States,4,0,1,0
2192,9,1,United States,5,1,1,0
2195,9,1,United States,4,1,0,150
2203,1,1,United States,5,3,1,50
2205,1,1,United States,4,1,1,0
2211,1,5,Thailand,4,1,1,0
2212,9,1,United States,5,2,1,20
2214,9,1,United States,3,0,0,0
2216,1,1,United States,3,1,0,0
2217,1,1,United States,4,2,1,3
2225,9,1,United States,5,2,0,30
2232,9,4,Brazil,5,3,0,0
2233,9,1,United States,5,1,0,0
2246,9,5,Finland,4,1,1,0
2251,1,1,United States,4,0,0,104
2252,9,1,United States,4,1,1,30
2253,9,1,United States,5,2,1,5
2255,1,5,Peru,3,0,0,1
2256,1,1,United States,5,3,1,100
2259,9,1,United States,4,3,1,30
2261,9,1,United States,4,3,1,50
2263,1,2,United Kingdom,4,0,0,0
2267,1,2,United Kingdom,5,2,0,120
2271,9,1,United States,5,3,1,0
2272,9,1,United States,2,2,0,2
2274,9,1,United States,4,3,1,0
2278,1,1,United States,4,3,1,50
2279,1,1,United States,5,3,1,40
2281,9,1,United States,5,3,1,50
2288,9,1,United States,4,1,1,6
2290,9,1,United States,5,2,1,5
2293,9,1,United States,5,2,1,10
2299,1,1,United States,5,3,0,2
2305,9,1,United States,5,2,1,20
2315,9,1,United States,5,0,0,300
2318,1,1,United States,3,1,1,2
2322,9,1,United States,5,3,0,20
2323,9,2,United Kingdom,4,3,0,20
2326,1,1,United States,5,1,0,45
2329,9,1,United States,5,2,1,15
2338,1,5,Indonesia,4,3,1,10
2341,1,1,United States,4,1,0,20
2342,9,1,United States,5,1,1,0
2345,1,1,United States,4,0,1,2
2347,9,1,United States,4,3,1,0
2348,1,1,United States,4,0,0,0
2351,9,2,United Kingdom,5,2,1,10
2357,1,1,United States,4,3,1,0
2363,1,1,United States,4,1,0,0
2364,9,1,United States,4,3,0,0
2369,9,1,United States,3,2,1,0
2371,1,1,United States,4,0,1,0
2376,1,1,United States,4,2,0,30
2377,9,1,United States,4,1,0,10
2379,1,1,United States,5,3,1,100
2380,9,1,United States,3,3,1,20
2381,9,1,United States,5,3,1,80
2385,9,5,Netherlands,5,2,0,2
2386,9,1,United States,4,3,1,0
2388,9,1,United States,4,1,1,100
2394,1,1,United States,5,3,1,10
2399,9,1,United States,4,1,0,0
2400,9,1,United States,4,1,1,0
2407,9,5,Australia,5,3,1,5
2409,9,1,United States,5,3,1,2
2410,1,1,United States,5,2,1,25
2417,1,1,United States,5,1,0,15
2419,9,1,United States,4,3,1,40
2421,9,1,United States,4,1,1,0
2424,9,1,United States,4,3,1,10
2425,1,1,United States,4,3,1,2
2426,9,2,United Kingdom,4,3,0,100
2428,9,1,United States,5,3,1,0
2430,9,1,United States,4,1,1,2
2431,9,1,United States,4,1,1,0
2434,9,1,United States,4,1,1,0
2441,9,1,United States,5,3,0,60
2444,9,5,South Africa,5,0,0,0
2445,9,3,Canada,5,1,1,0
2446,9,1,United States,4,0,0,2
2449,1,1,United States,4,2,1,15
2450,1,3,Canada,5,2,1,15
2456,9,1,United States,4,2,1,0
2457,9,1,United States,4,3,1,0
2462,1,1,United States,5,3,1,10
2468,9,1,United States,5,1,0,10
2469,9,1,United States,5,2,1,0
2478,9,1,United States,3,1,1,15
2483,9,1,United States,5,1,1,2
2485,9,1,United States,5,1,1,5
2490,9,1,United States,5,2,1,0
2492,9,5,Portugal,4,2,0,0
2493,9,1,United States,4,2,1,0
2496,1,1,United States,5,2,0,40
2498,9,1,United States,5,3,1,0
2499,1,1,United States,4,1,0,2
2509,9,1,United States,5,3,1,0
2515,1,1,United States,5,3,1,10
2516,9,1,United States,4,1,1,10
2517,9,1,United States,4,3,0,0
2520,1,1,United States,5,3,1,0
2523,1,1,United States,4,2,1,0
2526,1,5,Singapore,4,3,0,10
2527,9,1,United States,3,3,1,0
2536,9,1,United States,5,3,1,100
2538,1,1,United States,4,2,1,35
2539,9,5,Kenya,1,2,0,0
2542,1,5,Nigeria,5,2,1,20
2545,9,5,Australia,4,2,0,6
2548,1,1,United States,5,3,1,100
2550,9,5,Greece,3,2,0,10
2551,1,2,United Kingdom,4,2,1,0
2558,9,1,United States,5,2,1,0
2563,1,2,United Kingdom,4,3,1,5
2564,9,1,United States,5,3,1,15
2569,9,2,United Kingdom,5,3,1,10
2575,1,1,United States,5,2,1,40
2581,9,1,United States,5,2,1,1
2586,9,1,United States,5,2,1,0
2588,9,1,United States,5,1,1,11
2594,9,1,United States,3,3,1,120
2599,9,1,United States,5,3,1,1
2600,9,1,United States,3,0,1,0
2601,9,1,United States,5,3,1,5
2603,1,1,United States,5,1,1,10
2610,1,1,United States,4,0,0,0
2612,9,1,United States,5,3,1,300
2620,1,1,United States,5,3,1,0
2622,9,1,United States,5,2,0,0
2625,1,1,United States,5,3,1,0
2626,1,1,United States,5,3,1,5
2628,9,1,United States,5,3,1,50
2631,9,1,United States,5,2,1,0
2635,1,1,United States,4,3,1,20
2636,9,5,Australia,4,1,0,40
2637,1,1,United States,4,1,1,23
2638,9,5,Australia,5,1,1,0
2640,9,1,United States,5,1,1,0
2641,9,1,United States,5,1,1,10
2643,9,1,United States,5,3,1,100
2644,9,5,Australia,5,2,1,50
2652,9,1,United States,5,3,1,0
2656,9,5,Philippines,4,1,0,10
2657,1,5,Italy,4,2,0,20
2662,1,1,United States,4,2,1,15
2668,9,1,United States,4,3,1,0
2670,1,1,United States,5,1,1,1
2671,1,1,United States,4,1,1,5
2674,9,1,United States,5,0,0,50
2675,9,5,Bolivia,4,2,1,15
2676,9,1,United States,4,2,1,21
2679,9,1,United States,4,3,0,200
2681,9,5,Jamaica,5,3,1,100
2686,1,1,United States,4,1,1,0
2690,1,1,United States,4,3,1,4
2691,1,1,United States,4,2,1,150
2698,9,1,United States,5,1,1,10
2700,9,1,United States,4,2,1,10
2704,9,1,United States,4,2,1,0
2706,9,1,United States,5,3,1,0
2708,9,3,Canada,3,3,1,12
2714,9,1,United States,5,1,1,40
2717,1,1,United States,4,0,0,15
2718,9,1,United States,4,2,0,14
2722,9,1,United States,5,1,1,0
2724,1,1,United States,5,0,0,0
2726,9,1,United States,5,3,0,10
2727,9,1,United States,5,3,1,15
2728,1,1,United States,4,0,0,0
2730,1,1,United States,5,3,1,135
2734,9,1,United States,5,3,1,150
2735,9,1,United States,5,3,1,30
2738,9,1,United States,4,1,0,1
2750,9,1,United States,4,0,1,0
2752,9,2,United Kingdom,4,3,1,0
2754,9,1,United States,5,1,0,0
2756,9,1,United States,5,2,1,10
2757,1,1,United States,4,0,0,0
2760,9,1,United States,4,3,1,100
2763,1,1,United States,5,1,1,4
2767,9,5,Egypt,5,3,1,25
2770,9,1,United States,3,2,0,0
2773,9,1,United States,5,3,0,0
2774,9,1,United States,5,2,1,0
2776,9,1,United States,5,1,1,0
2782,1,1,United States,4,3,1,5
2783,1,1,United States,4,3,1,15
2786,9,1,United States,5,1,1,0
2789,9,1,United States,4,1,1,0
2795,1,1,United States,5,3,1,0
2796,9,5,Aruba,5,1,1,4
2797,1,1,United States,4,3,0,5
2801,9,5,Kuwait,4,2,0,3
2806,9,1,United States,5,2,1,26
2812,9,2,United Kingdom,5,3,1,6
2824,9,1,United States,5,1,0,15
2825,9,2,United Kingdom,4,1,0,1
2830,9,1,United States,5,3,1,0
2835,9,2,United Kingdom,4,2,1,2
2838,9,1,United States,4,3,1,0
2846,9,1,United States,5,1,1,2
2848,9,1,United States,5,3,1,25
2849,1,1,United States,4,2,0,0
2851,9,1,United States,5,2,1,10
2855,9,1,United States,4,1,0,0
2858,9,1,United States,4,1,1,20
2864,9,1,United States,4,0,1,20
2866,9,1,United States,5,1,1,12
2867,1,5,Australia,4,0,0,0
2872,9,1,United States,5,2,1,25
2873,9,1,United States,4,1,0,0
2877,1,5,Australia,4,3,1,50
2878,9,1,United States,5,3,1,103
2879,9,1,United States,5,0,0,0
2880,1,1,United States,4,1,1,0
2881,9,1,United States,5,1,1,150
2893,1,2,United Kingdom,5,3,1,10
2897,9,1,United States,1,0,0,0
2898,1,2,United Kingdom,4,1,1,50
2912,1,1,United States,4,3,0,2
2913,9,1,United States,4,2,0,0
2915,9,1,United States,4,3,1,15
2921,9,1,United States,5,3,1,15
2922,1,1,United States,4,3,1,0
2924,9,1,United States,4,2,1,25
2927,9,1,United States,4,2,1,1
2932,1,5,Philippines,4,3,0,9
2935,9,1,United States,5,1,1,3
2936,1,1,United States,5,1,1,5
2937,9,1,United States,5,3,1,10
2938,9,1,United States,4,3,1,0
2942,9,1,United States,4,2,1,10
2950,9,1,United States,4,0,1,0
2959,9,1,United States,5,2,1,2
2970,1,1,United States,5,1,1,3
2977,9,1,United States,5,1,1,0
2981,9,1,United States,4,1,1,0
2982,1,5,New Zealand,3,1,1,2
2984,9,1,United States,4,2,1,60
2986,9,1,United States,5,2,1,0
2988,9,3,Canada,4,0,0,0
2990,9,1,United States,4,0,0,0
3004,9,1,United States,5,3,1,100
3005,1,1,United States,5,2,1,150
3006,9,1,United States,4,1,1,0
3010,9,1,United States,5,3,1,0
3011,9,3,Canada,5,3,1,35
3013,1,1,United States,4,0,0,0
3016,1,1,United States,4,0,1,0
3020,1,1,United States,5,3,1,15
3029,9,1,United States,5,3,1,5
3030,9,5,Australia,3,1,0,0
3035,9,1,United States,5,1,1,5
3038,1,5,Nigeria,5,3,1,40
3039,9,2,United Kingdom,3,2,1,15
3040,9,1,United States,4,3,1,3
3042,1,2,United Kingdom,4,3,1,50
3043,1,5,Bulgaria,4,0,0,25
3044,9,3,Canada,4,2,1,6
3048,1,1,United States,3,3,1,60
3054,9,2,United Kingdom,5,1,0,2
3055,9,1,United States,5,3,1,200
3057,9,1,United States,5,2,1,0
3063,9,1,United States,4,1,1,20
3074,9,1,United States,5,3,1,0
3075,9,1,United States,5,1,0,2
3077,1,1,United States,4,2,0,0
3080,9,1,United States,4,1,1,0
3083,9,1,United States,5,3,1,1
3087,9,1,United States,5,1,1,0
3088,9,3,Canada,5,2,1,5
3089,1,1,United States,5,3,1,17
3091,9,1,United States,5,3,1,1
3096,9,1,United States,4,2,1,10
3097,9,1,United States,4,0,1,0
3098,9,1,United States,4,2,1,20
3099,9,1,United States,4,3,1,120
3102,9,1,United States,4,3,1,5
3103,9,1,United States,5,2,1,0
3105,9,1,United States,4,1,1,0
3106,9,1,United States,4,1,1,0
3109,1,1,United States,4,3,0,0
3110,9,1,United States,5,2,1,10
3112,9,1,United States,4,1,1,5
3113,9,3,Canada,5,1,1,10
3114,1,1,United States,4,1,0,2
3115,9,1,United States,5,3,1,200
3120,9,1,United States,5,3,1,100
3122,1,1,United States,4,0,0,0
3131,9,1,United States,5,2,1,20
3135,1,1,United States,4,3,0,0
3136,9,1,United States,5,3,1,50
3139,9,1,United States,4,3,1,0
3142,9,1,United States,5,3,1,0
3143,9,1,United States,5,3,1,0
3147,1,1,United States,4,3,0,15
3148,9,1,United States,5,2,1,0
3150,1,1,United States,5,1,1,1
3153,9,5,Australia,5,3,0,12
3154,9,1,United States,5,3,1,2
3157,1,1,United States,4,1,1,2
3158,9,1,United States,5,3,1,5
3161,1,1,United States,5,2,1,3
3163,1,1,United States,5,1,1,2
3168,9,1,United States,4,1,1,35
3169,1,1,United States,5,1,0,0
3170,9,1,United States,5,1,1,0
3172,1,1,United States,4,1,1,0
3176,9,1,United States,5,3,1,15
3178,9,1,United States,5,1,0,0
3179,9,1,United States,5,1,1,2
3182,9,1,United States,5,1,0,10
3186,9,1,United States,4,0,0,10
3187,9,1,United States,5,3,1,25
3188,9,1,United States,5,1,1,1000
3190,9,1,United States,4,1,1,2
3192,9,1,United States,5,3,1,0
3193,1,1,United States,4,2,1,3
3194,9,1,United States,5,2,1,10
3201,1,1,United States,5,1,1,200
3204,9,1,United States,5,1,1,2
3205,9,1,United States,5,3,1,200
3209,9,1,United States,3,0,1,0
3215,9,1,United States,5,3,1,0
3219,1,1,United States,5,3,1,1
3220,9,1,United States,4,3,1,12
3224,9,1,United States,5,3,1,300
3225,1,1,United States,4,2,0,0
3227,1,1,United States,5,3,1,0
3228,9,1,United States,4,2,1,0
3232,9,1,United States,5,2,1,2
3240,9,1,United States,5,1,1,10
3241,1,1,United States,5,0,1,0
3242,9,1,United States,4,2,1,10
3244,9,1,United States,4,3,0,0
3245,9,1,United States,5,3,1,0
3247,1,1,United States,5,3,0,0
3252,9,1,United States,4,3,1,0
3253,9,1,United States,5,2,0,0
3254,9,1,United States,5,3,1,15
3260,1,3,Canada,5,1,0,5
3265,9,1,United States,5,1,1,10
3267,9,1,United States,5,1,1,200
3283,1,1,United States,4,0,1,0
3284,9,1,United States,5,2,1,2
3287,1,1,United States,4,1,1,23
3289,9,1,United States,5,3,1,1500
3290,9,1,United States,5,1,1,1
3296,9,1,United States,5,1,0,2
3298,1,1,United States,5,1,1,15
3303,9,1,United States,5,2,1,15
3305,1,1,United States,5,1,0,5
3312,9,3,Canada,3,2,1,50
3320,1,1,United States,5,2,1,0
3322,1,3,Canada,5,3,1,20
3326,9,1,United States,5,3,0,100
3329,9,1,United States,5,1,1,0
3331,9,1,United States,3,1,0,0
3333,1,1,United States,5,1,1,0
3334,9,1,United States,5,1,1,40
3336,9,3,Canada,5,1,1,60
3337,9,1,United States,5,2,1,12
3338,1,3,Canada,5,3,1,0
3346,1,2,United Kingdom,3,3,1,0
3347,9,1,United States,4,0,1,2
3350,1,1,United States,4,3,1,10
3359,9,1,United States,5,3,1,60
3360,9,1,United States,5,3,1,100
3361,9,1,United States,4,0,1,0
3365,1,3,Canada,4,2,0,35
3368,9,1,United States,5,3,1,100
3370,1,1,United States,4,2,1,10
3375,1,1,United States,5,1,1,30
3378,9,1,United States,4,2,1,15
3381,9,1,United States,5,1,1,0
3383,9,1,United States,5,3,0,60
3387,9,1,United States,4,1,1,30
3392,9,1,United States,4,2,1,0
3393,9,1,United States,4,3,1,0
3394,9,3,Canada,4,1,1,2
3404,9,1,United States,4,3,1,50
3406,9,1,United States,4,1,1,0
3411,9,1,United States,4,2,1,10
3417,9,1,United States,5,3,0,1500
3419,1,1,United States,5,1,1,20
3421,9,1,United States,4,0,1,0
3425,9,1,United States,5,2,0,20
3429,9,1,United States,4,3,1,9
3432,1,5,Australia,4,1,1,10
3433,1,1,United States,5,3,1,10
3437,1,1,United States,5,0,1,2
3438,9,1,United States,5,3,1,25
3439,9,1,United States,5,1,1,5
3444,9,1,United States,5,2,1,15
3448,9,1,United States,4,1,1,10
3450,1,1,United States,4,2,1,55
3451,9,1,United States,5,3,1,0
3452,9,1,United States,4,3,1,0
3454,9,1,United States,4,3,1,500
3455,9,1,United States,3,3,1,0
3457,9,5,United Arab Emirates,5,2,1,139
3458,9,1,United States,4,2,0,0
3460,9,5,Australia,5,1,1,20
3462,1,1,United States,5,3,1,230
3463,9,1,United States,3,1,1,0
3467,9,1,United States,5,3,1,18
3468,9,1,United States,5,1,1,10
3470,9,1,United States,4,2,1,3
3471,1,5,Finland,5,3,1,2
3473,1,1,United States,5,3,1,15
3484,1,3,Canada,5,2,1,0
3487,9,5,Turkey,5,1,0,500
3489,9,1,United States,4,1,1,20
3490,1,2,United Kingdom,5,2,1,15
3493,9,1,United States,4,3,1,0
3494,1,2,United Kingdom,4,2,1,150
3500,9,1,United States,4,2,0,0
3505,1,1,United States,5,3,1,150
3509,9,1,United States,5,2,1,0
3512,9,1,United States,4,1,0,0
3514,9,1,United States,5,2,1,100
3521,9,1,United States,4,1,1,45
3522,1,1,United States,3,3,1,100
3523,9,1,United States,4,0,0,0
3525,1,2,United Kingdom,5,1,1,0
3527,9,1,United States,5,0,1,0
3529,9,2,United Kingdom,5,1,0,0
3531,1,1,United States,5,0,1,0
3537,9,3,Canada,5,1,1,50
3540,1,2,United Kingdom,3,1,0,20
3544,9,1,United States,5,3,1,10
3545,9,1,United States,5,2,0,0
3546,9,1,United States,5,3,1,100
3547,9,2,United Kingdom,4,2,1,15
3551,9,1,United States,5,1,1,0
3553,9,1,United States,4,2,1,30
3555,9,1,United States,5,3,0,1000
3562,9,3,Canada,4,3,1,0
3565,9,1,United States,5,3,1,55
3566,9,2,United Kingdom,5,2,0,0
3575,1,1,United States,4,1,1,0
3577,1,1,United States,5,1,1,20
3579,9,1,United States,4,3,1,100
3584,9,1,United States,5,1,0,0
3589,1,1,United States,5,3,1,5
3591,9,5,Haiti,4,3,1,3
3595,9,1,United States,4,2,1,0
3596,9,2,United Kingdom,4,1,1,0
3600,9,1,United States,4,1,0,15
3601,1,5,Georgia,5,2,1,4
3604,9,1,United States,4,0,1,0
3609,9,1,United States,5,1,1,4
3611,1,2,United Kingdom,3,0,1,0
3614,9,1,United States,5,2,1,5
3621,9,1,United States,3,1,1,0
3625,9,2,United Kingdom,4,1,1,20
3627,9,1,United States,5,3,1,100
3628,1,1,United States,5,1,0,0
3635,1,1,United States,5,2,0,60
3642,1,1,United States,5,2,1,1
3643,1,1,United States,4,2,1,15
3645,9,1,United States,5,1,1,3
3646,9,1,United States,4,1,0,10
3652,9,1,United States,5,1,1,5
3658,1,1,United States,4,3,1,40
3662,1,1,United States,4,2,1,5
3663,9,1,United States,5,3,1,3000
3667,1,1,United States,4,2,1,0
3670,1,2,United Kingdom,4,1,1,20
3673,9,1,United States,4,2,1,12
3678,9,1,United States,5,3,1,0
3682,9,3,Canada,5,1,0,150
3684,9,1,United States,5,2,1,5
3692,1,1,United States,5,1,1,0
3694,9,2,United Kingdom,4,1,1,1
3697,9,1,United States,3,0,1,0
3701,9,1,United States,4,3,0,0
3705,1,1,United States,5,3,1,2
3707,9,1,United States,5,1,1,10
3710,1,1,United States,5,3,1,62
3712,9,1,United States,5,3,1,0
3717,1,2,United Kingdom,5,1,1,15
3720,9,1,United States,5,3,1,300
3725,9,1,United States,4,1,0,0
3726,9,1,United States,4,2,0,0
3728,1,1,United States,5,3,1,22
3729,9,1,United States,5,2,1,300
3730,9,1,United States,5,3,1,0
3732,9,1,United States,5,3,1,0
3737,1,1,United States,4,2,1,25
3753,9,1,United States,5,3,1,3
3760,9,1,United States,5,2,0,20
3762,9,1,United States,5,1,0,0
3765,1,1,United States,4,1,1,0
3769,1,1,United States,5,2,1,10
3770,9,1,United States,4,2,0,0
3771,9,1,United States,4,2,1,7
3776,1,3,Canada,4,2,1,0
3781,9,1,United States,5,1,1,30
3782,9,1,United States,4,3,1,10
3784,1,1,United States,5,2,0,0
3792,9,1,United States,5,3,0,0
3793,9,5,Turkey,5,0,0,2
3803,1,1,United States,4,1,1,15
3805,9,1,United States,4,3,1,75
3811,1,1,United States,5,3,1,4
3814,9,1,United States,5,1,1,0
3817,9,1,United States,5,0,0,20
3819,9,1,United States,5,1,0,0
3822,9,1,United States,5,0,1,0
3823,9,1,United States,4,1,0,0
3829,9,1,United States,4,0,0,100
3837,9,1,United States,4,3,0,1
3840,1,1,United States,3,3,0,2
3848,9,1,United States,4,1,1,31
3849,9,1,United States,4,2,1,0
3850,1,1,United States,5,2,1,15
3858,9,1,United States,5,0,0,2
3863,9,1,United States,5,2,1,3
3866,9,1,United States,2,2,1,0
3869,9,1,United States,5,1,1,150
3876,9,1,United States,5,3,1,32
3877,9,1,United States,3,1,1,0
3878,1,1,United States,4,1,0,0
3885,9,1,United States,5,3,1,0
3889,9,1,United States,5,1,1,568
3894,9,1,United States,5,3,0,25
3904,1,1,United States,4,0,1,0
3905,1,1,United States,5,3,1,13
3911,1,1,United States,4,2,0,0
3913,9,1,United States,3,0,1,0
3914,9,1,United States,3,0,1,0
3915,1,1,United States,4,3,0,0
3916,9,1,United States,5,1,1,15
3921,9,1,United States,4,0,1,0
3930,9,1,United States,5,1,1,150
3935,9,1,United States,4,2,1,15
3939,9,1,United States,4,3,0,0
3942,1,1,United States,4,0,1,0
3943,9,1,United States,4,2,0,90
3946,1,1,United States,4,3,1,2
3956,9,1,United States,5,1,0,0
3957,9,1,United States,4,0,0,0
3958,1,1,United States,4,1,1,0
3959,9,1,United States,5,3,1,0
3960,9,1,United States,5,2,1,5
3963,1,5,New Zealand,5,1,0,36
3970,9,1,United States,4,3,1,0
3975,1,1,United States,5,3,1,0
3976,1,1,United States,5,3,1,200
3978,9,1,United States,5,1,0,3
3996,9,2,United Kingdom,5,3,0,0
4002,1,1,United States,4,3,1,28
4012,9,1,United States,4,1,0,0
4013,9,2,United Kingdom,4,3,0,0
4016,9,1,United States,5,3,1,17
4017,1,1,United States,4,3,1,200
4018,9,1,United States,5,2,1,50
4019,1,1,United States,4,1,1,0
4020,1,1,United States,5,1,1,20
4028,9,1,United States,4,1,1,0
4030,9,1,United States,5,1,0,14
4031,9,1,United States,4,2,1,40
4034,9,1,United States,5,1,0,2
4036,9,1,United States,5,1,0,0
4038,1,1,United States,5,2,1,12
4039,1,2,United Kingdom,5,1,0,3
4040,9,1,United States,5,1,1,3
4043,9,1,United States,5,1,1,0
4050,1,1,United States,5,3,1,5
4053,9,5,Netherlands,4,3,0,10
4058,9,1,United States,5,3,1,50
4062,1,3,Canada,5,3,0,0
4063,9,1,United States,5,2,1,200
4065,9,1,United States,5,3,1,18
4068,1,1,United States,4,1,1,0
4069,9,1,United States,3,1,0,0
4073,1,1,United States,4,3,1,20
4074,1,1,United States,3,2,0,2
4078,9,1,United States,5,3,1,10
4079,1,1,United States,4,1,0,0
4085,1,1,United States,5,1,1,12
4089,9,1,United States,5,3,1,0
4090,9,1,United States,3,1,0,0
4097,9,1,United States,4,3,0,0
4098,9,3,Canada,4,0,1,25
4100,9,3,Canada,5,1,1,56
4101,1,1,United States,5,0,1,10
4105,9,1,United States,5,2,1,20
4108,9,3,Canada,5,3,1,20
4126,9,1,United States,5,1,1,0
4127,9,1,United States,4,0,0,20
4128,9,1,United States,5,3,0,51
4129,9,1,United States,5,2,1,2
4132,9,1,United States,5,2,0,0
4135,1,1,United States,5,0,1,0
4136,9,1,United States,5,1,1,20
4141,9,1,United States,4,1,0,2
4142,1,1,United States,4,1,0,2
4146,9,1,United States,4,3,1,0
4156,9,1,United States,5,3,1,5
4159,1,1,United States,5,3,1,0
4160,9,1,United States,4,2,1,5
4161,9,1,United States,5,1,1,25
4163,9,1,United States,4,2,0,15
4164,1,1,United States,3,1,1,0
4168,9,1,United States,5,3,1,1500
4177,9,5,Ireland,4,3,0,30
4179,9,1,United States,5,1,0,0
4181,9,1,United States,5,1,1,100
4182,9,1,United States,4,3,1,0
4189,9,3,Canada,4,0,1,0
4193,9,1,United States,4,2,0,0
4194,1,1,United States,5,3,1,10
4200,9,5,Belgium,4,2,1,0
4201,9,1,United States,5,3,1,15000
4208,9,1,United States,4,1,0,50
4209,9,1,United States,5,1,1,0
4210,1,1,United States,3,3,1,2
4211,9,1,United States,4,3,0,0
4212,9,1,United States,5,3,1,200
4213,1,1,United States,5,3,1,30
4214,1,1,United States,5,1,1,10
4216,9,1,United States,5,1,1,1
4217,9,1,United States,5,1,0,0
4221,9,1,United States,5,1,1,1
4225,1,1,United States,3,3,1,0
4229,1,1,United States,5,3,1,20
4230,9,1,United States,5,1,1,15
4233,9,1,United States,5,2,1,0
4238,1,3,Canada,5,3,0,45
4245,9,1,United States,4,3,0,100
4250,9,1,United States,4,2,1,50
4253,9,1,United States,5,0,0,0
4256,9,1,United States,5,0,1,52
4268,1,1,United States,4,1,1,0
4269,9,1,United States,5,1,0,0
4275,1,5,Portugal,5,3,1,50
4277,9,1,United States,4,3,0,0
4278,1,1,United States,5,3,1,2
4283,1,5,Poland,3,3,1,0
4290,9,5,Mexico,5,0,1,0
4291,9,1,United States,5,1,1,20
4292,1,1,United States,5,3,1,0
4293,9,1,United States,3,2,1,10
4294,9,1,United States,5,2,0,2
4295,1,3,Canada,4,3,1,25
4298,9,5,Sweden,4,1,1,15
4301,9,1,United States,5,1,0,0
4305,9,1,United States,5,1,0,0
4310,9,1,United States,4,3,1,0
4311,9,1,United States,5,1,1,10
4312,1,1,United States,5,1,0,0
4313,9,1,United States,4,1,1,1
4318,1,1,United States,5,3,1,0
4322,9,1,United States,4,1,1,0
4324,1,1,United States,5,1,1,30
4325,9,1,United States,5,1,1,0
4326,1,1,United States,5,1,1,0
4327,1,1,United States,5,3,1,5
4328,9,1,United States,4,2,1,20
4330,9,1,United States,5,1,1,0
4337,9,1,United States,4,1,0,0
4338,9,1,United States,3,2,0,2
4343,9,1,United States,4,3,1,15
4345,9,1,United States,5,2,1,0
4346,9,1,United States,4,3,1,15
4347,9,1,United States,5,1,1,2
4348,9,1,United States,4,2,1,2
4349,9,1,United States,5,2,1,100
4354,9,3,Canada,4,1,1,0
4358,9,1,United States,5,1,1,0
4361,9,1,United States,5,1,0,0
4373,9,1,United States,4,3,0,25
4374,9,1,United States,4,1,1,1
4377,1,1,United States,5,3,1,25
4381,1,1,United States,4,2,1,0
4384,9,1,United States,4,0,0,0
4388,1,1,United States,4,0,1,0
4390,1,1,United States,5,0,0,0
4392,9,1,United States,5,2,1,0
4393,1,1,United States,5,1,1,0
4395,9,1,United States,4,2,1,150
4397,9,1,United States,5,3,1,10
4401,9,1,United States,4,3,1,12
4419,9,1,United States,5,2,1,50
4422,9,1,United States,5,1,1,15
4424,9,1,United States,4,1,1,0
4427,9,1,United States,5,0,1,5
4435,9,1,United States,4,2,1,0
4439,9,1,United States,5,3,1,2
4441,1,1,United States,5,3,1,25
4448,9,1,United States,5,3,1,0
4458,9,1,United States,4,2,0,0
4459,9,1,United States,4,3,1,0
4461,1,1,United States,5,3,1,25
4463,9,1,United States,4,1,1,10
4468,9,1,United States,5,2,1,40
4471,9,1,United States,4,3,1,0
4479,1,1,United States,3,2,1,0
4481,9,1,United States,4,1,1,10
4487,9,1,United States,5,2,0,0
4494,1,1,United States,5,3,1,2
4497,9,1,United States,5,3,1,50
4499,1,1,United States,5,1,1,0
4500,9,1,United States,5,0,0,0
4504,9,1,United States,4,1,1,0
4505,9,1,United States,5,3,1,5
4512,9,1,United States,5,3,1,5
4513,1,1,United States,4,3,1,5
4514,9,1,United States,5,3,1,1
4518,9,1,United States,5,3,1,5
4523,9,1,United States,5,3,1,50
4536,1,1,United States,5,3,1,0
4541,9,1,United States,4,1,0,10
4545,9,1,United States,4,2,1,10
4550,1,1,United States,4,1,1,10
4554,1,1,United States,5,1,1,3
4558,1,1,United States,5,3,0,0
4561,1,1,United States,5,0,0,0
4565,9,1,United States,5,3,1,0
4567,9,1,United States,4,3,1,5
4570,1,1,United States,4,3,1,5
4572,9,1,United States,4,3,1,0
4573,1,1,United States,5,3,1,50
4581,9,1,United States,3,1,1,30
4587,9,1,United States,4,2,1,20
4590,9,1,United States,5,2,1,0
4593,9,1,United States,4,0,1,0
4596,9,1,United States,5,3,1,100
4601,9,5,Namibia,4,2,1,10
4607,9,1,United States,5,3,1,0
4610,9,1,United States,4,2,1,56
4612,9,1,United States,4,1,0,1
4613,9,1,United States,5,3,1,0
4614,9,1,United States,5,1,1,0
4617,9,1,United States,3,2,0,0
4624,9,1,United States,5,2,1,0
4625,9,1,United States,4,1,1,808
4627,9,2,United Kingdom,5,1,0,0
4629,9,2,United Kingdom,4,2,1,12
4631,9,1,United States,5,1,0,10
4634,9,2,United Kingdom,3,1,0,0
4636,9,1,United States,5,2,1,4
4638,9,2,United Kingdom,3,0,0,0
4645,9,2,United Kingdom,4,1,1,2
4646,1,1,United States,5,1,1,0
4649,1,1,United States,5,3,1,0
4651,9,5,Nigeria,4,3,0,0
4653,9,1,United States,5,1,0,2
4660,1,1,United States,4,3,0,0
4662,9,1,United States,5,1,0,0
4668,1,1,United States,5,1,0,0
4669,9,1,United States,5,1,1,12
4670,9,1,United States,5,3,1,15
4671,9,1,United States,5,3,1,5
4675,9,1,United States,4,1,1,0
4676,1,1,United States,4,1,1,0
4677,9,1,United States,3,2,1,20
4678,9,1,United States,4,2,1,10
4680,9,1,United States,5,3,1,5
4688,9,1,United States,5,3,1,8
4689,9,1,United States,5,2,1,30
4691,9,1,United States,5,3,1,5
4714,9,1,United States,5,3,1,50
4715,9,1,United States,5,0,0,100
4725,1,1,United States,5,3,1,100
4727,9,1,United States,4,3,1,1
4731,9,1,United States,5,1,1,0
4732,9,1,United States,3,3,1,230
4735,1,5,India,4,2,1,45
4738,1,1,United States,4,3,1,100
4739,1,3,Canada,4,3,1,80
4740,1,1,United States,5,3,1,15
4741,9,1,United States,5,2,1,0
4749,9,2,United Kingdom,5,3,1,15
4750,9,1,United States,4,3,1,350
4752,1,1,United States,4,1,1,350
4753,9,1,United States,3,1,1,0
4757,1,1,United States,5,2,1,1
4760,9,3,Canada,4,3,1,1700
4763,9,1,United States,4,2,1,30
4765,9,1,United States,5,2,0,50
4767,9,1,United States,5,3,1,0
4768,9,1,United States,3,2,1,0
4770,9,1,United States,5,2,1,20
4771,9,1,United States,4,3,1,0
4786,9,1,United States,5,3,1,0
4789,1,1,United States,5,3,1,6
4790,1,1,United States,4,3,1,10
4791,9,1,United States,4,0,1,0
4792,9,1,United States,4,2,1,1
4795,9,1,United States,5,2,1,1
4797,1,1,United States,5,3,1,0
4802,9,1,United States,5,3,1,26
4805,9,5,Bhutan,5,1,0,1
4806,1,2,United Kingdom,4,1,0,5
4808,1,1,United States,4,1,0,0
4809,9,1,United States,4,2,1,15
4810,9,1,United States,5,0,1,0
4812,1,1,United States,5,3,1,10
4817,1,1,United States,5,1,1,0
4820,1,1,United States,5,2,1,10
4823,9,1,United States,5,2,1,15
4825,9,1,United States,5,2,1,8
4826,9,1,United States,5,0,0,0
4832,9,1,United States,4,3,0,0
4834,1,1,United States,3,1,1,1
4837,9,1,United States,4,1,1,0
4840,9,1,United States,3,1,1,3
4842,9,1,United States,4,3,1,0
4851,9,1,United States,5,3,1,50
4852,9,1,United States,5,3,1,60
4853,9,1,United States,5,3,1,60
4856,9,1,United States,5,1,1,1
4862,9,1,United States,4,3,1,5
4863,9,1,United States,5,1,0,2
4866,1,1,United States,5,3,1,1
4867,9,1,United States,4,1,0,0
4874,9,1,United States,5,3,1,30
4876,9,1,United States,3,1,0,12
4878,9,1,United States,5,3,1,2
4879,9,1,United States,4,3,1,20
4881,1,1,United States,5,2,1,0
4890,9,1,United States,5,2,1,65
4893,9,1,United States,4,1,0,0
4895,1,1,United States,5,1,1,3
4896,1,1,United States,5,1,1,10
4898,1,1,United States,5,1,1,0
4899,9,1,United States,4,1,1,10
4908,1,1,United States,4,1,1,15
4920,9,1,United States,5,2,1,1
4921,9,1,United States,5,0,1,0
4922,9,1,United States,5,1,0,15
4929,1,1,United States,5,3,1,0
4935,9,1,United States,5,3,1,15
4941,1,1,United States,4,1,1,0
4942,1,1,United States,5,1,1,3
4946,1,1,United States,5,0,1,0
4947,1,1,United States,5,3,1,0
4951,1,5,Malaysia,5,0,1,6
4955,1,2,United Kingdom,5,3,1,30
4956,1,1,United States,4,3,1,10
4960,9,5,Portugal,4,0,0,0
4968,1,1,United States,5,2,1,50
4972,9,1,United States,5,1,1,0
4973,9,1,United States,4,3,1,0
4975,9,1,United States,4,3,0,0
4976,1,1,United States,3,3,1,20
4979,9,1,United States,5,2,1,15
4983,9,1,United States,4,3,1,21
4987,1,1,United States,5,2,1,45
4995,1,5,Portugal,5,1,0,0
4996,9,1,United States,4,2,1,15
4997,9,1,United States,4,1,1,10
4998,9,1,United States,4,3,0,2
5000,9,1,United States,5,3,1,5
5006,9,1,United States,5,3,1,15
5012,9,1,United States,5,2,1,10
5014,9,1,United States,4,3,1,0
5015,1,1,United States,4,1,1,0
5016,9,1,United States,4,1,0,3
5020,1,1,United States,5,2,1,500
5021,9,1,United States,4,2,1,10
5026,9,1,United States,4,1,1,0
5027,9,1,United States,4,0,1,0
5028,9,1,United States,5,2,1,0
5031,9,1,United States,5,1,1,0
5032,9,1,United States,4,0,1,0
5034,1,1,United States,5,3,1,5
5035,9,1,United States,5,0,1,0
5041,1,1,United States,5,1,1,25
5042,9,1,United States,4,2,1,0
5043,9,3,Canada,5,2,1,1
5045,9,1,United States,5,3,0,0
5046,1,1,United States,5,3,1,0
5047,9,2,United Kingdom,4,3,1,10
5051,9,1,United States,5,2,1,5
5059,1,1,United States,4,3,1,0
5063,9,1,United States,4,2,0,0
5066,9,1,United States,4,1,0,0
5069,9,1,United States,5,3,1,5
5072,9,1,United States,4,0,0,0
5076,9,1,United States,3,1,1,0
5082,1,1,United States,5,2,1,7
5094,1,1,United States,5,0,1,0
5109,1,1,United States,5,3,1,2
5118,1,1,United States,4,2,1,2
5122,9,1,United States,5,1,1,0
5123,9,1,United States,5,0,1,0
5125,1,1,United States,4,3,1,20
5128,9,1,United States,4,1,0,10
5135,9,1,United States,5,3,1,1000
5138,1,1,United States,5,3,1,99999
5139,1,1,United States,5,1,0,1
5141,9,1,United States,5,3,1,0
5143,9,1,United States,5,2,1,10
5146,9,1,United States,4,2,1,8
5153,1,3,Canada,5,3,1,5
5158,9,1,United States,5,3,0,36
5162,1,1,United States,5,3,1,30
5166,1,1,United States,5,1,0,0
5169,1,3,Canada,3,2,1,0
5171,9,1,United States,5,2,0,0
5177,9,1,United States,4,2,1,0
5182,1,5,Germany,5,3,1,10
5183,9,1,United States,5,1,1,0
5185,9,1,United States,5,1,1,2
5186,9,1,United States,4,0,1,0
5187,9,1,United States,4,3,1,0
5189,9,1,United States,4,1,1,0
5198,1,1,United States,5,3,1,0
5199,1,1,United States,5,2,0,0
5202,9,1,United States,4,2,1,0
5205,9,1,United States,5,3,1,0
5206,9,1,United States,4,1,0,0
5207,1,1,United States,4,3,1,0
5209,9,1,United States,5,1,1,0
5210,9,1,United States,4,2,1,5
5213,1,1,United States,5,1,0,0
5216,9,1,United States,5,2,1,3
5217,9,1,United States,5,3,1,0
5221,9,1,United States,4,3,1,0
5228,9,1,United States,5,1,1,10
5229,9,1,United States,5,3,1,13
5232,9,1,United States,5,0,1,5
5236,1,1,United States,4,3,1,21
5240,1,1,United States,4,2,1,0
5242,1,1,United States,4,0,0,0
5246,9,1,United States,5,3,0,1
5248,9,1,United States,5,3,1,0
5249,9,1,United States,5,2,1,3
5255,9,1,United States,5,3,1,15
5259,1,1,United States,5,3,1,0
5260,9,1,United States,5,1,1,50
5264,1,1,United States,3,0,0,20
5265,9,1,United States,4,2,1,0
5266,1,1,United States,4,3,1,23
5271,9,1,United States,5,3,1,500
5272,1,1,United States,4,3,1,59
5285,1,5,Romania,4,3,1,10
5292,9,1,United States,5,2,1,0
5295,9,1,United States,4,3,1,80
5299,9,1,United States,5,2,1,5
5313,9,1,United States,4,1,1,0
5318,9,1,United States,4,3,1,0
5319,9,1,United States,5,3,1,5
5325,9,1,United States,5,3,1,2400
5334,1,1,United States,4,1,1,6
5336,9,1,United States,5,3,1,0
5338,9,1,United States,5,3,1,20
5340,9,1,United States,5,2,1,100
5343,1,1,United States,4,3,1,23
5349,9,1,United States,4,2,0,4
5350,1,1,United States,5,3,1,20
5366,9,1,United States,5,2,1,13
5369,9,1,United States,5,3,1,0
5370,9,1,United States,4,3,1,7
5371,9,1,United States,5,3,0,5
5372,9,1,United States,4,1,1,0
5377,1,1,United States,4,1,1,5
5378,9,5,Pakistan,4,3,1,10
5388,9,1,United States,5,0,1,0
5392,9,1,United States,5,1,1,0
5394,1,1,United States,4,3,1,2
5395,9,1,United States,5,3,0,2
5396,1,1,United States,5,3,1,5
5399,1,1,United States,5,1,0,0
5403,1,1,United States,4,3,1,3
5406,9,1,United States,4,3,1,0
5407,1,1,United States,5,1,0,0
5408,9,1,United States,5,3,1,50
5409,9,1,United States,4,2,1,2
5410,1,1,United States,5,2,1,0
5411,1,1,United States,5,1,0,0
5416,1,1,United States,5,3,1,0
5417,9,1,United States,5,3,1,0
5421,1,1,United States,4,1,1,15
5423,9,1,United States,4,3,0,0
5425,9,1,United States,5,3,0,10
5426,1,1,United States,5,2,1,45
5427,1,1,United States,4,2,1,0
5429,9,1,United States,4,3,0,0
5430,9,1,United States,5,1,0,0
5431,9,1,United States,5,0,1,0
5432,1,1,United States,4,2,1,0
5438,9,1,United States,4,0,0,0
5441,9,1,United States,5,3,0,5
5443,9,1,United States,4,3,1,0
5445,9,1,United States,5,3,1,40
5447,9,5,Switzerland,4,1,1,2
5449,9,5,Singapore,3,3,1,0
5452,1,1,United States,5,2,1,0
5454,9,1,United States,3,0,1,1
5455,9,2,United Kingdom,5,2,1,4
5456,9,1,United States,5,2,1,50
5464,9,1,United States,3,3,0,0
5468,1,1,United States,4,1,1,3
5471,9,1,United States,5,3,0,1
5476,9,1,United States,5,1,1,60
5482,1,1,United States,5,3,1,75
5483,9,1,United States,3,0,0,0
5489,9,1,United States,4,2,1,0
5490,9,1,United States,5,1,0,0
5492,1,1,United States,4,3,0,0
5494,9,1,United States,5,2,1,15
5495,9,1,United States,4,2,0,0
5501,9,1,United States,5,1,0,0
5506,9,1,United States,5,1,1,0
5515,1,1,United States,5,3,1,30
5517,9,1,United States,5,3,1,20
5518,1,3,Canada,4,0,1,25
5519,1,1,United States,5,3,1,4
5523,9,1,United States,5,2,0,20
5524,9,1,United States,3,2,1,0
5525,9,1,United States,4,2,1,0
5527,9,1,United States,5,3,1,3
5532,1,1,United States,5,3,1,1
5541,1,1,United States,5,3,0,100
5552,9,2,United Kingdom,5,0,0,20
5553,9,5,Saudi Arabia,4,3,0,15
5554,9,2,United Kingdom,5,1,1,2
5555,9,1,United States,4,3,1,500
5556,9,2,United Kingdom,4,3,1,5
5564,1,2,United Kingdom,5,3,1,100
5565,9,1,United States,4,0,0,0
5567,9,1,United States,5,2,1,15
5569,1,1,United States,4,2,1,0
5570,9,1,United States,5,0,0,0
5573,1,1,United States,5,2,1,120
5577,9,1,United States,5,2,1,0
5579,9,1,United States,4,1,0,1
5580,9,1,United States,4,3,1,0
5587,9,1,United States,5,2,0,0
5596,1,1,United States,4,1,1,20
5597,9,1,United States,4,1,1,0
5599,9,1,United States,4,3,1,50
5605,9,1,United States,4,3,1,0
5612,9,1,United States,4,2,1,6
5619,9,1,United States,5,1,1,5
5630,9,1,United States,4,3,1,3
5643,9,1,United States,5,2,0,0
5644,9,5,Australia,4,2,1,10
5645,9,1,United States,4,3,1,130
5646,1,3,Canada,4,1,0,0
5654,9,2,United Kingdom,5,1,1,5
5657,9,1,United States,5,3,1,2
5659,9,1,United States,5,0,1,100
5660,1,1,United States,5,3,1,100
5670,9,1,United States,5,2,1,0
5673,1,1,United States,5,2,1,0
5674,9,1,United States,4,1,1,5
5680,1,1,United States,4,1,0,0
5681,1,1,United States,4,3,0,36
5682,9,1,United States,5,3,1,15
5686,9,1,United States,4,1,0,30
5692,9,1,United States,5,1,1,4
5693,1,1,United States,5,3,1,15
5696,9,1,United States,5,2,1,6
5698,9,1,United States,5,1,1,45
5699,9,1,United States,5,2,1,100
5702,1,1,United States,4,1,1,0
5703,9,1,United States,4,3,1,0
5704,1,1,United States,4,0,0,0
5709,1,1,United States,4,2,1,2
5713,9,1,United States,4,3,1,0
5716,9,1,United States,5,3,0,0
5717,9,1,United States,5,3,1,0
5718,9,1,United States,4,3,1,40
5719,1,1,United States,5,2,1,15
5722,9,1,United States,4,3,1,25
5725,9,1,United States,5,1,1,5
5733,9,1,United States,5,3,1,0
5737,9,1,United States,4,1,1,0
5739,9,2,United Kingdom,1,0,0,0
5740,9,1,United States,5,2,1,10
5742,9,1,United States,5,1,1,50
5743,9,1,United States,5,1,1,10
5756,9,1,United States,3,3,1,10
5759,1,1,United States,5,3,0,50
5762,9,2,United Kingdom,3,1,0,0
5764,9,1,United States,5,2,1,20
5772,1,5,Barbados,5,1,1,1
5784,9,1,United States,5,2,1,150
5787,9,1,United States,4,1,1,5
5788,9,3,Canada,3,0,0,0
5789,9,1,United States,4,1,0,0
5792,9,1,United States,5,3,1,10
5796,1,1,United States,5,1,0,0
5799,9,1,United States,5,3,1,5
5801,1,1,United States,3,1,0,0
5807,9,3,Canada,4,3,0,20
5809,9,1,United States,5,3,1,5
5810,1,1,United States,5,1,0,9
5814,9,1,United States,5,3,1,200
5815,9,1,United States,5,2,1,0
5819,9,1,United States,4,1,0,0
5823,9,1,United States,5,3,1,1
5826,1,1,United States,5,3,1,126
5829,9,2,United Kingdom,5,3,1,5
5832,9,2,United Kingdom,4,2,0,3
5833,9,1,United States,4,2,1,0
5834,9,1,United States,4,1,1,0
5836,9,3,Canada,4,1,1,0
5848,9,1,United States,5,3,1,17
5854,1,1,United States,5,3,1,45
5872,9,1,United States,4,2,0,3
5873,9,1,United States,4,3,1,0
5874,9,1,United States,5,2,0,2
5876,9,1,United States,4,2,0,0
5882,9,1,United States,4,3,1,20
5893,1,1,United States,4,3,1,2
5896,1,1,United States,5,2,1,3
5901,9,1,United States,4,1,0,0
5902,9,3,Canada,5,3,1,99999
5918,9,5,Argentina,5,3,0,10
5920,1,1,United States,5,3,1,157
5921,1,1,United States,5,3,1,0
5929,9,1,United States,5,2,1,36
5930,1,1,United States,5,1,1,0
5931,9,1,United States,5,3,1,15
5932,9,1,United States,4,2,0,0
5940,9,1,United States,5,0,0,0
5941,9,1,United States,5,3,1,10
5942,9,1,United States,4,1,0,11
5943,9,1,United States,5,3,1,40
5945,1,1,United States,5,1,1,0
5947,9,1,United States,4,3,0,3
5951,1,1,United States,5,2,1,0
5954,1,1,United States,3,1,1,1
5955,9,1,United States,4,1,1,2
5956,9,1,United States,5,3,1,30
5962,9,1,United States,3,0,1,400
5979,1,3,Canada,5,3,1,10
5985,1,1,United States,5,1,1,15
5998,9,2,United Kingdom,5,3,1,10
6003,9,5,Sweden,5,1,1,2
6005,9,1,United States,5,2,1,0
6007,9,1,United States,4,2,1,2
6012,1,1,United States,5,3,0,60
6013,1,1,United States,4,3,1,0
6014,9,1,United States,4,3,1,10
6015,9,1,United States,5,2,1,50
6017,9,1,United States,4,3,0,0
6018,9,1,United States,4,1,0,0
6019,9,1,United States,4,1,1,3
6025,9,1,United States,5,2,1,36
6027,1,1,United States,4,0,0,3
6029,9,1,United States,5,3,1,10
6035,9,1,United States,5,3,1,5
6038,1,1,United States,3,2,1,40
6057,9,1,United States,4,1,1,0
6064,9,2,United Kingdom,4,1,1,0
6065,1,1,United States,5,2,1,0
6069,1,1,United States,5,3,1,0
6076,9,1,United States,4,0,0,3
6083,9,1,United States,4,1,0,100
6088,9,1,United States,5,1,1,0
6092,9,1,United States,5,3,1,15
6093,1,1,United States,4,1,1,0
6098,9,1,United States,4,1,1,50
6102,9,3,Canada,4,1,0,15
6103,9,1,United States,5,2,1,5
6106,9,1,United States,5,3,1,27
6113,9,1,United States,4,2,1,0
6114,9,1,United States,4,2,1,20
6120,9,1,United States,4,3,1,40
6121,9,1,United States,2,3,1,35
6123,1,1,United States,5,2,1,5
6127,9,1,United States,5,3,1,3
6144,9,1,United States,5,3,1,0
6145,9,1,United States,5,0,1,0
6156,1,1,United States,5,3,1,0
6159,9,1,United States,4,0,0,0
6161,9,1,United States,5,3,1,50
6162,9,1,United States,5,3,1,50
6166,9,1,United States,5,3,1,100
6168,9,1,United States,4,2,1,1
6170,9,2,United Kingdom,4,3,1,150
6176,1,1,United States,5,1,0,30
6177,1,1,United States,4,2,1,0
6181,1,1,United States,4,1,0,0
6186,1,3,Canada,5,3,1,24
6187,9,1,United States,5,1,1,0
6191,1,1,United States,5,2,1,20
6197,1,2,United Kingdom,4,2,1,15
6198,9,1,United States,4,1,0,0
6200,1,1,United States,4,2,1,7
6201,1,1,United States,4,2,0,1
6203,9,1,United States,5,1,1,0
6206,9,1,United States,4,3,1,8
6207,1,1,United States,4,2,0,0
6212,1,1,United States,3,1,1,0
6213,9,1,United States,3,1,0,0
6214,9,1,United States,4,2,0,0
6219,9,1,United States,3,3,1,0
6223,9,1,United States,4,3,0,1
6228,9,1,United States,5,2,1,0
6230,1,1,United States,5,3,1,0
6232,1,1,United States,4,1,1,10
6236,1,1,United States,5,1,1,100
6241,9,1,United States,5,2,0,15
6245,9,1,United States,3,1,0,0
6246,1,1,United States,5,1,1,1
6249,1,3,Canada,5,2,0,100
6256,9,1,United States,3,3,1,3
6258,9,1,United States,5,1,1,500
6259,9,1,United States,5,1,0,3
6260,9,5,Mexico,5,1,0,30
6262,9,1,United States,5,3,0,10000
6264,9,1,United States,5,1,1,0
6266,9,1,United States,4,1,1,100
6270,9,1,United States,5,1,1,0
6272,1,1,United States,5,3,1,50
6276,9,1,United States,5,3,1,5
6278,9,1,United States,5,2,1,6
6284,1,1,United States,5,2,0,0
6286,1,1,United States,5,1,1,2
6291,1,1,United States,4,2,1,44
6300,9,1,United States,5,2,0,15
6301,1,1,United States,4,0,0,0
6302,9,1,United States,4,2,1,15
6304,9,1,United States,4,3,1,50
6310,9,3,Canada,4,3,1,600
6311,9,1,United States,5,1,0,10
6319,1,1,United States,5,1,0,100
6322,9,1,United States,5,3,1,20
6324,9,1,United States,5,3,1,11
6327,9,2,United Kingdom,5,3,1,15
6329,9,1,United States,5,2,1,25
6335,1,1,United States,5,2,1,2
6338,1,2,United Kingdom,4,1,1,20
6339,9,1,United States,3,1,0,0
6342,9,1,United States,4,3,1,100
6343,9,1,United States,5,2,0,20
6345,9,1,United States,5,3,0,15
6351,9,1,United States,5,0,1,12
6352,1,2,United Kingdom,4,3,1,50
6358,9,2,United Kingdom,5,0,0,20
6362,9,1,United States,5,3,1,1
6367,1,1,United States,5,3,1,60
6372,9,1,United States,4,1,1,0
6376,9,5,Netherlands,5,3,1,75
6380,1,1,United States,5,2,0,45
6382,9,1,United States,5,3,1,0
6389,9,1,United States,5,3,1,0
6392,9,1,United States,5,3,1,25
6394,1,5,Spain,5,1,1,150
6407,9,1,United States,5,3,1,0
6409,1,1,United States,5,1,1,15
6410,9,1,United States,4,3,1,10
6413,9,1,United States,5,3,1,3
6414,9,1,United States,5,1,1,0
6415,9,3,Canada,5,2,1,1
6417,9,1,United States,4,2,0,0
6418,9,1,United States,5,3,1,16
6420,9,3,Canada,4,1,1,1
6426,9,1,United States,5,1,0,2
6427,1,1,United States,5,1,1,100
6438,9,1,United States,5,1,1,0
6449,9,1,United States,4,2,1,0
6454,1,3,Canada,5,3,0,200
6460,9,1,United States,4,2,1,20
6461,1,5,Poland,4,3,0,10
6472,9,3,Canada,5,1,0,0
6480,9,1,United States,3,1,1,300
6481,1,1,United States,4,2,0,20
6482,9,3,Canada,4,1,0,5
6483,1,1,United States,5,2,1,2
6484,9,1,United States,3,3,1,7
6487,9,1,United States,5,3,1,10
6491,1,1,United States,4,3,0,35
6497,9,2,United Kingdom,5,1,0,5
6499,9,1,United States,5,1,0,0
6501,9,5,Chile,4,2,0,100
6503,9,1,United States,4,1,0,0
6510,9,1,United States,5,1,1,2
6513,9,1,United States,4,2,1,5
6519,9,1,United States,4,3,1,0
6520,9,1,United States,4,2,0,0
6521,9,1,United States,5,3,1,20
6524,1,1,United States,3,0,0,1
6525,9,1,United States,4,3,1,0
6538,9,1,United States,4,3,1,8
6539,9,1,United States,4,1,0,50
6545,9,1,United States,5,3,1,40
6553,9,5,Netherlands,5,3,1,300
6555,1,1,United States,5,3,1,5
6556,1,1,United States,4,3,1,7
6559,9,5,Jamaica,4,1,1,2
6560,9,1,United States,4,0,1,0
6561,9,5,Netherlands,4,3,0,0
6569,9,1,United States,5,3,1,0
6571,9,1,United States,4,2,0,200
6572,9,1,United States,4,1,1,0
6581,1,1,United States,4,1,1,19
6584,9,1,United States,5,3,1,100
6585,9,1,United States,5,3,1,30
6586,1,1,United States,5,3,1,15
6587,9,2,United Kingdom,4,0,0,7
6591,1,1,United States,4,3,1,6
6596,9,1,United States,5,3,1,3
6597,9,1,United States,5,0,1,0
6600,1,1,United States,5,0,0,0
6601,9,1,United States,5,3,1,0
6602,9,1,United States,4,3,0,100
6603,1,1,United States,4,1,1,35
6607,1,1,United States,4,3,1,800
6610,1,1,United States,5,3,1,24
6611,9,1,United States,5,1,0,0
6612,9,1,United States,4,3,0,15
6613,9,1,United States,5,1,0,34
6614,1,1,United States,5,3,1,2
6617,1,1,United States,3,0,0,0
6621,9,5,Cape Verde,5,3,1,5
6622,9,1,United States,5,3,1,0
6624,9,1,United States,4,2,0,20
6634,1,1,United States,5,1,1,0
6635,1,1,United States,5,1,1,3
6638,1,1,United States,5,3,1,21
6639,9,3,Canada,4,1,0,2
6640,9,1,United States,5,2,1,5
6641,9,1,United States,4,3,1,10
6642,9,1,United States,4,1,0,0
6645,1,2,United Kingdom,5,3,1,0
6646,1,1,United States,5,3,1,10
6647,9,1,United States,5,3,1,122
6648,9,2,United Kingdom,5,3,1,0
6652,9,1,United States,5,3,1,16
6654,9,2,United Kingdom,4,3,1,100
6664,9,2,United Kingdom,4,1,0,0
6667,1,1,United States,4,3,0,100
6669,1,2,United Kingdom,4,2,0,0
6676,1,1,United States,4,1,0,0
6681,9,2,United Kingdom,5,2,1,5
6687,1,1,United States,5,3,0,1
6688,1,2,United Kingdom,5,2,1,15
6689,9,1,United States,5,2,1,25
6691,1,1,United States,5,3,1,195
6693,1,1,United States,4,1,0,0
6694,1,1,United States,5,3,1,2
6696,9,2,United Kingdom,5,2,1,8
6697,1,1,United States,5,0,1,0
6699,9,1,United States,5,2,1,0
6700,9,1,United States,4,1,1,0
6701,9,1,United States,4,1,1,0
6702,9,1,United States,5,2,0,0
6705,9,1,United States,5,2,1,5
6713,9,1,United States,3,3,0,0
6718,9,1,United States,5,1,1,20
6721,9,1,United States,5,1,1,30
6727,9,1,United States,4,2,1,0
6729,9,1,United States,5,3,1,25
6730,1,1,United States,5,2,0,2
6738,9,1,United States,4,1,1,0
6740,1,1,United States,5,1,1,0
6741,9,1,United States,5,0,0,0
6743,9,1,United States,4,2,1,0
6749,9,1,United States,5,2,0,0
6751,9,1,United States,4,3,1,20
6753,9,1,United States,4,3,1,7
6760,9,1,United States,5,2,1,10
6762,9,3,Canada,4,1,0,2
6764,9,1,United States,5,3,1,25
6765,9,1,United States,5,3,1,10
6767,9,1,United States,5,3,1,60
6769,9,1,United States,5,3,1,150
6772,9,1,United States,4,2,1,0
6773,9,1,United States,4,3,1,0
6780,9,5,New Zealand,5,1,0,3
6785,1,2,United Kingdom,5,3,1,20
6794,1,5,Denmark,5,1,0,0
6796,9,1,United States,5,2,1,200
6799,9,1,United States,4,2,1,100
6801,1,1,United States,4,2,1,0
6803,9,3,Canada,5,3,1,65
6806,1,1,United States,5,3,0,0
6807,9,1,United States,3,1,1,2
6810,1,1,United States,5,0,1,5
6811,9,1,United States,4,1,1,10
6814,9,1,United States,5,1,1,2
6816,9,1,United States,5,3,1,15
6817,1,1,United States,4,3,0,5
6823,9,1,United States,5,0,1,0
6825,9,1,United States,5,3,0,20
6827,9,1,United States,4,3,1,100
6831,1,1,United States,4,1,0,40
6832,9,2,United Kingdom,5,2,1,12
6835,1,1,United States,5,3,1,15
6836,9,1,United States,4,1,0,15
6840,9,1,United States,5,3,1,0
6842,1,1,United States,5,2,1,50
6846,9,1,United States,5,1,1,0
6849,1,1,United States,5,3,1,0
6861,1,1,United States,5,3,0,0
6868,9,1,United States,3,1,0,0
6873,9,1,United States,5,3,0,10
6874,9,1,United States,5,2,1,2
6876,1,1,United States,5,0,1,0
6879,9,1,United States,4,2,1,0
6884,1,1,United States,4,1,1,0
6888,1,1,United States,4,1,0,20
6906,1,1,United States,5,3,1,50
6909,9,1,United States,4,2,1,10
6913,1,1,United States,5,3,1,30
6915,1,1,United States,5,3,1,5
6916,9,2,United Kingdom,4,1,1,3
6921,9,1,United States,4,2,1,20
6922,9,1,United States,4,2,1,3
6927,9,1,United States,5,3,1,100
6930,9,1,United States,5,3,1,20
6932,1,5,Puerto Rico,5,1,0,0
6934,9,1,United States,5,1,1,0
6936,9,1,United States,5,3,1,5
6944,9,1,United States,3,0,0,0
6953,1,1,United States,5,2,1,21
6954,9,1,United States,4,3,1,5
6969,9,5,Barbados,5,2,1,50
6971,1,1,United States,5,2,1,20
6975,1,1,United States,5,3,1,5
6978,1,2,United Kingdom,5,0,0,0
6985,9,1,United States,5,3,0,300
6990,9,2,United Kingdom,4,1,1,18
6991,9,1,United States,4,1,1,0
6996,9,1,United States,4,1,0,0
6998,1,1,United States,5,3,1,10
6999,1,1,United States,5,2,1,0
7000,9,1,United States,4,3,0,90
7007,9,1,United States,5,3,1,44
7008,1,1,United States,4,0,0,0
7009,9,1,United States,4,3,1,3
7014,9,1,United States,5,3,1,16
7016,9,1,United States,3,3,1,143
7017,1,1,United States,3,3,1,15
7018,9,1,United States,4,1,1,0
7019,9,1,United States,4,3,1,0
7020,1,1,United States,3,2,1,0
7035,9,5,Portugal,4,3,1,5
7046,1,1,United States,4,1,1,10
7047,9,5,Luxembourg,5,1,1,1
7051,1,1,United States,5,2,1,2
7053,1,1,United States,5,1,1,5
7055,1,1,United States,5,1,1,3
7057,9,1,United States,4,1,0,0
7062,9,1,United States,5,1,1,5
7063,1,1,United States,5,2,1,150
7077,9,1,United States,5,3,1,69
7078,1,1,United States,4,3,1,15
7101,9,5,Bahrain,5,0,1,2
7102,9,1,United States,5,0,0,0
7103,9,1,United States,5,3,1,5
7109,9,2,United Kingdom,5,2,1,30
7115,9,1,United States,4,0,0,0
7123,9,1,United States,5,3,1,1
7127,1,1,United States,4,3,1,150
7129,9,5,Mexico,3,3,1,5
7132,1,1,United States,5,3,1,3
7133,1,1,United States,4,1,1,20
7140,1,1,United States,5,3,1,200
7143,1,1,United States,5,3,1,15
7145,1,1,United States,5,3,1,0
7147,9,3,Canada,5,0,1,0
7154,1,1,United States,4,3,1,2
7161,9,1,United States,5,2,1,0
7163,9,1,United States,5,3,1,10
7164,1,3,Canada,4,1,1,0
7167,9,1,United States,5,1,1,3
7168,9,1,United States,5,3,1,15
7174,1,1,United States,5,3,0,0
7175,1,1,United States,3,2,1,0
7178,1,5,Mexico,4,1,0,8
7183,1,1,United States,5,1,1,0
7188,1,1,United States,5,0,0,0
7189,1,1,United States,4,2,1,5
7190,9,1,United States,5,2,0,0
7192,9,1,United States,5,3,1,20
7195,9,1,United States,4,2,1,0
7200,9,1,United States,5,0,1,0
7203,9,1,United States,5,3,1,30
7206,9,1,United States,5,2,1,90
7209,9,1,United States,5,2,0,25
7213,9,1,United States,5,3,1,0
7219,1,3,Canada,4,2,1,10
7223,9,1,United States,4,1,1,0
7224,9,3,Canada,4,3,1,20
7226,9,1,United States,5,2,1,3
7230,9,1,United States,5,2,1,12
7231,1,1,United States,5,2,1,0
7234,1,5,United Arab Emirates,4,2,1,30
7236,1,5,Ireland,5,3,1,20
7242,9,1,United States,5,1,0,0
7244,9,5,Afghanistan,3,1,1,1
7250,9,1,United States,4,1,1,0
7252,9,1,United States,4,0,0,15
7256,1,1,United States,4,1,1,0